{"device": "cuda", "epoch": 100, "pre_epoch": 0, "model": "bottleneck_relu_resnet", "optimizer": "sgd", "scheduler": true, "model_params_count": 4739146, "train_batch_size": 128, "validation_batch_size": 100, "lr": 0.01, "momentum": 0.9, "weight_decay": 0.0005, "t_max": 200, "img_channel": 3, "num_classes": 10, "training_loss": [1.72841593493586, 1.3232332533582702, 1.0813430715399934, 0.9278318946013975, 0.8058442871283997, 0.7077092814171101, 0.6414498662399819, 0.5839241973274504, 0.5417067271364314, 0.5031932447572498, 0.4683312247018985, 0.4474901545535573, 0.42068674863147004, 0.4018156815063008, 0.3730959657894071, 0.3600754683737255, 0.34155097081685615, 0.3282790564743759, 0.3110497763089817, 0.3016550506815276, 0.2843274149443487, 0.27328910913003984, 0.2719602179153801, 0.25932196590601636, 0.25175219606560517, 0.24234682433974103, 0.23113098378529023, 0.22910255660562565, 0.21652458432842703, 0.20797080300805515, 0.2004226807247647, 0.19619949598370306, 0.190210313081284, 0.19036959840551668, 0.18098820797394, 0.1812350593716897, 0.1710918887954234, 0.16565705838677525, 0.16454740436485663, 0.15399950292066236, 0.15554172007362252, 0.14523779872395193, 0.14375829980577653, 0.14026181263577603, 0.14323052359016045, 0.14270015130453098, 0.13181318606600126, 0.12952730756091035, 0.12458649167166952, 0.12469497550745755, 0.11809963655307927, 0.11673133353443096, 0.11320323689514414, 0.10847866275083379, 0.1077028235177631, 0.1080183568112838, 0.10369310296995712, 0.10074821894373888, 0.09568606195566447, 0.09640188296051587, 0.09810008545932562, 0.08586501370629539, 0.09263132463025925, 0.08765256789315234, 0.08168545114757765, 0.0832260614618316, 0.07862144130308305, 0.08263256704753927, 0.07501143386201634, 0.07081583977374427, 0.07720440983191094, 0.07420503556290094, 0.07006511423269958, 0.06564529197733573, 0.07148955658535518, 0.061025515991880004, 0.05830032497291903, 0.06651314349411547, 0.06163075356446492, 0.05516481599377473, 0.05721956685118739, 0.056509795305712145, 0.05740801454343073, 0.05394993201993844, 0.05038228800134433, 0.05295639500126738, 0.0521292206652634, 0.04783218094836111, 0.045140559103844874, 0.04588037872415446, 0.041194328591656275, 0.037502566980117044, 0.03845882434112108, 0.03516406348556318, 0.038211179511321476, 0.03795104601975444, 0.03683412311327122, 0.033602593183193516, 0.03234510145643178, 0.029327634731521997], "testing_loss": [1.5371094870567321, 1.1133510822057724, 0.9693969881534577, 0.9094847840070724, 0.8102342742681503, 0.7632799655199051, 0.6299001008272171, 0.6238097229599953, 0.601505098938942, 0.5555286449193955, 0.5559929640591145, 0.4964346125721931, 0.5895818081498146, 0.5144744166731834, 0.47168815806508063, 0.48684025555849075, 0.4788836172223091, 0.49635910108685494, 0.49423099428415296, 0.39557026043534277, 0.40802724078297614, 0.4814992742240429, 0.4110914382338524, 0.5024229516088963, 0.4202310113608837, 0.41945345237851145, 0.3873968245089054, 0.3870811340212822, 0.44008403807878493, 0.3691055932641029, 0.395865485817194, 0.49063478246331216, 0.3779198604077101, 0.3615457779169083, 0.40639627575874326, 0.3532794324308634, 0.36297904446721074, 0.39216783121228216, 0.3470790895819664, 0.3934007684886456, 0.35561103209853173, 0.43393375441431997, 0.39543216735124587, 0.4243693406879902, 0.3703792244195938, 0.3673235412687063, 0.3989156013727188, 0.37101731553673745, 0.39579368248581887, 0.34067541614174845, 0.36621755167841913, 0.3893280552327633, 0.3717674513161182, 0.34680222496390345, 0.35547850131988523, 0.3577369347214699, 0.34178122349083423, 0.3626966266334057, 0.3820904543995857, 0.3720321345329285, 0.38129193618893625, 0.3818333256244659, 0.3451856981217861, 0.3564906523376703, 0.3664873316884041, 0.34310136288404464, 0.35930547267198565, 0.3490068329870701, 0.31496262945234776, 0.3522382293641567, 0.3483305275440216, 0.3380920979380608, 0.35582574546337126, 0.34105193555355073, 0.3415715120732784, 0.35161278031766413, 0.34180034600198267, 0.3484640219807625, 0.3504654965549707, 0.3515689855068922, 0.3287850707769394, 0.3287129621207714, 0.35854832038283346, 0.33745408728718757, 0.32816257372498514, 0.3320251516252756, 0.35130681037902833, 0.3230719544738531, 0.3433384396880865, 0.31736451126635074, 0.3336768341809511, 0.3164865374937654, 0.3442197585105896, 0.30437656208872793, 0.3171678327769041, 0.3353801029920578, 0.2966670750826597, 0.33843190215528013, 0.32583622947335245, 0.3102028211951256], "training_acc": [36.599998474121094, 52.400001525878906, 61.439998626708984, 67.31800079345703, 71.66799926757812, 75.41200256347656, 77.62999725341797, 79.49600219726562, 81.09600067138672, 82.28399658203125, 83.75599670410156, 84.4260025024414, 85.38800048828125, 86.15399932861328, 86.94999694824219, 87.52400207519531, 88.06199645996094, 88.4520034790039, 88.9520034790039, 89.39199829101562, 90.03199768066406, 90.37200164794922, 90.4520034790039, 90.83799743652344, 91.0479965209961, 91.50599670410156, 91.9020004272461, 91.66799926757812, 92.36000061035156, 92.802001953125, 92.83399963378906, 93.05599975585938, 93.35600280761719, 93.25800323486328, 93.55999755859375, 93.60399627685547, 93.97599792480469, 94.23400115966797, 94.17400360107422, 94.51599884033203, 94.5260009765625, 94.88400268554688, 94.93399810791016, 95.05400085449219, 94.9260025024414, 94.98600006103516, 95.31199645996094, 95.53800201416016, 95.55999755859375, 95.6719970703125, 95.80599975585938, 95.9000015258789, 96.01200103759766, 96.18399810791016, 96.14800262451172, 96.2699966430664, 96.39600372314453, 96.50599670410156, 96.71399688720703, 96.5979995727539, 96.63600158691406, 97.01000213623047, 96.87000274658203, 96.95999908447266, 97.28800201416016, 97.08599853515625, 97.33799743652344, 97.12000274658203, 97.44200134277344, 97.66400146484375, 97.37200164794922, 97.4280014038086, 97.56600189208984, 97.80400085449219, 97.5260009765625, 97.98600006103516, 98.12799835205078, 97.75599670410156, 98.01000213623047, 98.20999908447266, 98.06400299072266, 98.11599731445312, 98.06800079345703, 98.25800323486328, 98.36399841308594, 98.28199768066406, 98.26599884033203, 98.43399810791016, 98.56400299072266, 98.53600311279297, 98.6240005493164, 98.8219985961914, 98.73999786376953, 98.92400360107422, 98.85600280761719, 98.83399963378906, 98.80000305175781, 98.97000122070312, 99.01599884033203, 99.12000274658203],